{"best_params": {"lr": 5.254953458372508e-05, "dropout_prob": 0.2838690767038667, "hidden_channels": 63, "n_layers": 7, "kernel_size": 9, "stride": 1, "padding": 3, "pooling_type": "avg", "use_batch_norm": true}, "best_value": 0.260076941922307}